month,comment_count
2007-10,
2007-11,
2007-12,
2008-01,144
2008-02,859
2008-03,1133
2008-04,4738
2008-05,6154
2008-06,14123
2008-07,16598
2008-08,18919
2008-09,23719
2008-10,30723
2008-11,34824
2008-12,62211
2009-01,82261
2009-02,82020
2009-03,99029
2009-04,130235
2009-05,172018
2009-06,146015
2009-07,176685
2009-08,304714
2009-09,365304
2009-10,450514
2009-11,498084
2009-12,558862
2010-01,623825
2010-02,571983
2010-03,680055
2010-04,609568
2010-05,618301
2010-06,686219
2010-07,839395
2010-08,856959
2010-09,780008
2010-10,810680
2010-11,875973
2010-12,868018
2011-01,951069
2011-02,962096
2011-03,1187170
2011-04,1113897
2011-05,1461819
2011-06,1648353
2011-07,1552053
2011-08,1801041
2011-09,1795782
2011-10,1864163
2011-11,1742827
2011-12,1845296
2012-01,2086472
2012-02,2157800
2012-03,2351844
2012-04,2491887
2012-05,2902976
2012-06,3277936
2012-07,3447758
2012-08,3743195
2012-09,3146456
2012-10,3203694
2012-11,3213450
2012-12,3508573
2013-01,4372593
2013-02,3547164
2013-03,4010835
2013-04,3995682
2013-05,3940326
2013-06,3904350
2013-07,4336796
2013-08,3930606
2013-09,3552835
2013-10,4095624
2013-11,4129546
2013-12,4306082
2014-01,4392117
2014-02,3730249
2014-03,4137242
2014-04,4240776
2014-05,4100292
2014-06,4075431
2014-07,4829430
2014-08,4658903
2014-09,3994145
2014-10,3918848
2014-11,3647613
2014-12,4033330
2015-01,4712795
2015-02,3884167
2015-03,4110408
2015-04,4158888
2015-05,4234970
